CONTROLPUF,FMR22012,PROPOUT,PROPTYPE,OUTCOME
9999000101,850,3,3,524
9999000104,700,-9,-9,518
9999000106,1000,-9,-9,518
9999000109,1500,-9,-9,516
9999000110,1400,3,2,515
9999000112,900,-9,-9,519
9999000113,1500,-9,-9,518
9999000116,1000,3,3,524
9999000117,800,-9,-9,518
9999000119,1400,1,-8,522
9999000120,1500,1,-8,522
9999000121,1400,-9,-9,518
9999000124,900,-9,-9,518
9999000129,850,-9,-9,533
9999000130,1000,3,2,515
9999000131,850,-9,-9,518
9999000134,800,-9,-9,518
9999000135,1400,3,3,547
9999000136,850,-9,-9,518
9999000137,800,3,3,533
9999000142,1100,-9,-9,518
9999000144,700,-9,-9,518
9999000145,1100,-9,-9,518
9999000149,850,-9,-9,518
9999000150,900,-9,-9,518
9999000151,1400,3,2,515
9999000154,700,-9,-9,518
9999000155,1400,3,2,515
9999000157,800,3,2,515
9999000158,750,-9,-9,518
9999000159,1400,-9,-9,518
9999000160,1400,-9,-9,516
9999000162,1400,3,2,515
9999000163,1400,-9,-9,518
9999000164,1400,-9,-9,521
9999000168,1400,-9,-9,518
9999000169,800,-9,-9,518
9999000173,550,3,2,515
9999000175,1050,-9,-9,518
9999000176,1100,1,-8,522
9999000181,1400,-9,-9,518
9999000182,1300,-9,-9,518
9999000185,1300,-9,-9,518
9999000186,1500,3,3,524
9999000187,750,-9,-9,518
9999000188,750,3,2,515
9999000191,1400,1,-8,522
9999000194,1400,3,2,515
9999000196,800,3,2,515
9999000198,1400,-9,-9,518
9999000200,1400,1,-8,522
9999000201,1400,1,-8,522
9999000202,550,1,-8,522
9999000203,1100,-9,-9,518
9999000206,750,1,-8,522
9999000212,700,1,-8,522
9999000215,750,-9,-9,518
9999000216,1500,3,2,515
9999000217,1500,3,2,515
9999000219,800,-9,-9,515
9999000224,1500,3,2,515
9999000225,1300,3,3,524
9999000231,1150,3,2,515
9999000232,750,-9,-9,516
9999000233,650,-9,-9,519
9999000235,1400,-9,-9,518
9999000238,650,3,3,547
9999000241,750,-9,-9,515
9999000242,1500,-9,-9,518
9999000244,1300,-9,-9,518
9999000252,750,-9,-9,519
9999000253,750,-9,-9,518
9999000256,850,-9,-9,516
9999000257,1300,3,3,524
9999000258,1050,3,3,524
9999000261,1200,-9,-9,518
9999000263,850,-9,-9,518
9999000264,1500,3,2,515
9999000265,1400,3,2,515
9999000267,850,3,2,515
9999000269,1400,-9,-9,517
9999000270,1400,-9,-9,518
9999000273,900,3,2,519
9999000276,900,3,1,518
9999000277,800,3,2,515
9999000278,1400,1,-8,522
9999000279,1400,3,2,515
9999000281,700,3,3,547
9999000282,1100,-9,-9,518
9999000286,900,-9,-9,518
9999000287,750,3,3,524
9999000289,750,-9,-9,518
9999000290,800,3,2,515
9999000291,1050,-9,-9,518
9999000295,800,3,3,543
9999000299,800,3,3,543
9999000300,1500,-9,-9,518
9999000301,950,3,2,518
9999000302,700,3,2,515
9999000309,1050,3,2,515
9999000310,650,3,2,515
9999000312,750,3,3,516
9999000313,1400,-9,-9,518
9999000318,750,3,2,515
9999000319,750,3,3,524
9999000321,700,3,3,533
9999000322,750,1,-8,522
9999000323,1300,-9,-9,516
9999000324,1400,3,3,524
9999000327,1400,-9,-9,518
9999000329,800,3,2,515
9999000330,750,1,-8,522
9999000331,800,3,3,533
9999000332,1000,-9,-9,518
9999000333,1400,-9,-9,518
9999000342,750,-9,-9,516
9999000343,950,3,2,515
9999000348,1300,1,-8,522
9999000349,900,-9,-9,518
9999000352,1200,-9,-9,518
9999000354,750,-9,-9,540
9999000356,1100,-9,-9,518
9999000360,1500,3,3,524
9999000365,1150,3,3,540
9999000366,900,3,2,515
9999000367,1400,-9,-9,518
9999000371,950,1,-8,522
9999000379,800,3,3,524
9999000381,1400,3,2,515
9999000385,700,1,-8,522
9999000386,1100,-9,-9,518
9999000387,1400,3,2,518
9999000389,1400,3,3,524
9999000390,1400,-9,-9,533
9999000392,850,-9,-9,546
9999000395,750,-9,-9,518
9999000396,750,1,-8,522
9999000401,1000,-9,-9,518
9999000402,900,3,2,515
9999000403,650,-9,-9,521
9999000405,850,3,3,529
9999000406,800,3,3,543
9999000409,1400,3,3,547
9999000410,1400,-9,-9,517
9999000414,1400,3,2,515
9999000416,1400,1,-8,522
9999000418,1500,3,1,515
9999000419,1000,-9,-9,518
9999000420,850,-9,-9,540
9999000421,650,3,2,515
9999000423,1100,3,2,515
9999000424,1500,2,-8,541
9999000425,800,-9,-9,518
9999000427,650,3,2,515
9999000430,1400,-9,-9,518
9999000432,700,-9,-9,518
9999000433,650,3,2,518
9999000434,1400,-9,-9,518
9999000435,1400,3,3,524
9999000439,650,1,-8,522
9999000440,1400,-9,-9,518
9999000441,1400,3,2,515
9999000446,1500,3,1,515
9999000449,1300,-9,-9,518
9999000450,1400,-9,-9,518
9999000452,1400,1,-8,522
9999000453,850,-9,-9,516
9999000455,900,3,2,515
9999000457,800,3,3,524
9999000458,700,-9,-9,519
9999000461,1050,3,2,515
9999000470,1500,-9,-9,518
9999000478,700,3,1,518
9999000483,1400,1,-8,522
9999000484,1400,3,3,533
9999000486,850,-9,-9,518
9999000488,800,3,2,515
9999000489,1400,-9,-9,518
9999000493,1100,-9,-9,518
9999000496,850,3,2,518
9999000499,1400,3,2,515
9999000501,750,3,1,515
9999000502,950,-9,-9,513
9999000507,1100,-9,-9,518
9999000508,850,1,-8,522
9999000509,700,3,2,515
9999000513,1150,3,2,515
9999000514,1300,3,2,515
9999000515,700,-9,-9,518
9999000518,700,3,1,515
9999000519,1100,-9,-9,518
9999000523,700,-9,-9,513
9999000525,1500,3,2,515
9999000526,850,3,2,521
9999000535,1500,-9,-9,518
9999000540,850,1,-8,522
9999000541,650,-9,-9,518
9999000543,1100,-9,-9,521
9999000544,750,3,3,533
9999000549,650,3,3,533
9999000550,1200,-9,-9,518
9999000558,1400,-9,-9,518
9999000559,650,-9,-9,529
9999000561,1100,3,3,524
9999000562,1400,3,1,515
9999000564,1500,-9,-9,519
9999000565,750,1,-8,522
9999000567,1500,3,2,515
9999000568,600,1,-8,522
9999000570,700,3,1,515
9999000572,1400,3,2,515
9999000577,700,3,3,524
9999000578,800,-9,-9,540
9999000585,1400,3,2,518
9999000588,800,-9,-9,518
9999000589,800,-9,-9,540
9999000590,800,-9,-9,518
9999000591,1400,-9,-9,518
9999000592,650,3,3,540
9999000596,700,3,2,515
9999000597,650,3,3,524
9999000602,1400,1,-8,522
9999000606,1400,3,2,515
9999000607,1400,-9,-9,518
9999000610,1400,1,-8,522
9999000614,1100,-9,-9,518
9999000616,1100,-9,-9,518
9999000619,1500,3,2,515
9999000621,750,-9,-9,547
9999000624,900,3,2,533
9999000626,1050,-9,-9,516
9999000629,650,3,2,515
9999000631,950,3,-9,518
9999000635,1500,-9,-9,518
9999000637,1400,1,-8,522
9999000641,800,3,2,515
9999000647,1500,1,-8,522
9999000649,900,3,3,533
9999000652,750,-9,-9,518
9999000653,1050,-9,-9,518
9999000656,1400,-9,-9,518
9999000658,1100,3,3,524
9999000662,750,3,2,515
9999000664,1050,3,2,515
9999000667,650,3,2,515
9999000668,1400,1,-8,522
9999000669,1400,3,2,515
9999000670,1400,1,-8,522
9999000674,1400,3,3,515
9999000676,1050,-9,-9,518
9999000677,1000,3,2,515
9999000685,1400,-9,-9,518
9999000689,750,-9,-9,518
9999000690,1000,3,2,515
9999000691,800,-9,-9,518
9999000693,1500,-9,-9,518
9999000694,1050,-9,-9,518
9999000695,1050,3,2,518
9999000697,1400,-9,-9,518
9999000698,800,-9,-9,518
9999000699,1200,3,-9,515
9999000700,1150,-9,-9,518
9999000702,1500,1,-8,522
9999000703,1400,1,-8,522
9999000708,1400,1,-8,522
9999000709,550,3,3,524
9999000710,950,-9,-9,518
9999000711,1150,3,2,515
9999000714,1400,-9,-9,518
9999000718,850,3,3,533
9999000723,1000,3,2,518
9999000729,750,-9,-9,518
9999000730,1400,1,-8,522
9999000731,1400,1,-8,522
9999000733,1500,1,-8,522
9999000734,1100,3,3,524
9999000737,1400,-9,-9,518
9999000738,1400,-9,-9,518
9999000744,750,-9,-9,518
9999000747,1400,3,2,515
9999000748,750,1,-8,522
9999000750,1400,3,2,515
9999000752,1400,-9,-9,518
9999000754,1000,3,3,543
9999000755,1000,3,3,524
9999000757,1500,3,2,518
9999000763,1400,3,3,524
9999000766,1100,1,-8,522
9999000767,1000,3,3,524
9999000768,750,-9,-9,533
9999000769,1400,3,2,515
9999000773,1100,3,3,524
9999000774,1400,1,-8,522
9999000777,700,-9,-9,516
9999000778,750,-9,-9,518
9999000779,1500,-9,-9,518
9999000787,800,1,-8,522
9999000788,1400,1,-8,522
9999000789,1400,1,-8,522
9999000790,1400,1,-8,522
9999000791,1400,-9,-9,516
9999000792,1200,1,-8,522
9999000795,1300,-9,-9,518
9999000796,1200,3,3,524
9999000797,650,1,-8,522
9999000801,650,-9,-9,518
9999000802,1400,3,2,515
9999000807,1150,-9,-9,518
9999000809,800,3,2,515
9999000810,1500,-9,-9,518
9999000814,850,-9,-9,516
9999000816,750,-9,-9,516
9999000820,900,3,2,515
9999000826,1400,-9,-9,518
9999000829,800,-9,-9,516
9999000835,900,-9,-9,521
9999000836,1150,3,3,533
9999000837,1400,3,2,515
9999000841,850,-9,-9,521
9999000842,850,3,3,524
9999000843,1300,-9,-9,518
9999000847,1400,-9,-9,518
9999000848,650,3,1,518
9999000850,1050,-9,-9,518
9999000851,750,-9,-9,516
9999000853,700,3,3,524
9999000855,900,-9,-9,518
9999000858,1000,3,3,524
9999000865,850,3,2,515
9999000866,700,3,2,515
9999000867,950,-9,-9,546
9999000870,850,-9,-9,516
9999000871,650,3,3,547
9999000873,950,3,3,524
9999000876,950,-9,-9,518
9999000878,550,3,3,540
9999000879,850,3,2,515
9999000881,1400,3,2,521
9999000885,1300,-9,-9,518
9999000886,1400,3,3,533
9999000888,700,3,3,524
9999000889,1500,3,1,515
9999000891,850,3,2,515
9999000895,650,-9,-9,518
9999000898,700,3,1,515
9999000899,1400,3,2,515
9999000903,1400,3,3,546
9999000907,800,-9,-9,518
9999000909,1400,3,3,524
9999000912,1100,3,3,529
9999000913,1150,3,2,515
9999000915,1000,-9,-9,516
9999000916,1400,-9,-9,518
9999000919,1400,3,2,518
9999000923,900,-9,-9,519
9999000924,1100,3,2,515
9999000925,1400,-9,-9,518
9999000926,950,3,3,547
9999000928,1500,3,2,515
9999000932,900,-9,-9,518
9999000936,800,-9,-9,518
9999000937,1500,-9,-9,518
9999000941,750,-9,-9,518
9999000943,900,3,-9,519
9999000947,750,-9,-9,518
9999000950,650,-9,-9,518
9999000951,750,3,1,515
9999000952,1100,1,-8,522
9999000953,650,1,-8,522
9999000954,600,-9,-9,518
9999000955,650,3,3,533
9999000959,1400,3,2,515
9999000961,1300,-9,-9,518
9999000968,1200,-9,-9,519
9999000970,1500,3,2,515
9999000973,1400,1,-8,522
9999000977,750,1,-8,522
9999000979,950,-9,-9,521
9999000981,950,3,2,518
9999000983,1500,3,2,515
9999000985,750,3,2,515
9999000987,1400,-9,-9,518
9999000990,650,3,3,533
9999000992,1400,1,-8,522
9999000993,700,1,-8,522
9999000995,1500,3,2,518
9999000998,900,-9,-9,518
9999001000,900,3,2,518
9999001002,1100,-9,-9,518
9999001005,1400,3,3,524
9999001006,1050,1,-8,522
9999001008,850,3,2,515
9999001009,950,3,3,543
9999001013,1500,-9,-9,516
9999001014,1150,3,2,515
9999001015,1300,3,2,515
9999001019,1000,-9,-9,518
9999001021,600,3,-9,518
9999001023,850,1,-8,522
9999001027,750,2,-8,541
9999001028,650,1,-8,522
9999001031,700,3,3,533
9999001037,1100,1,-8,522
9999001039,900,3,2,515
9999001040,850,3,3,524
9999001041,800,3,2,515
9999001043,800,3,2,515
9999001044,1100,3,2,515
9999001046,1400,-9,-9,518
9999001049,1300,3,2,515
9999001052,1400,3,2,515
9999001053,800,-9,-9,521
9999001056,1400,-9,-9,518
9999001057,1500,3,2,515
9999001058,650,-9,-9,518
9999001061,700,3,2,515
9999001062,750,-9,-9,518
9999001070,650,3,2,515
9999001076,650,3,3,547
9999001077,1400,-9,-9,518
9999001078,1400,-9,-9,518
9999001084,1050,3,-9,518
9999001087,1300,1,-8,522
9999001088,1500,-9,-9,518
9999001091,1100,-9,-9,518
9999001093,650,-9,-9,518
9999001094,850,-9,-9,518
9999001096,1400,-9,-9,518
9999001097,800,3,2,515
9999001098,700,-9,-9,518
9999001100,650,3,2,515
9999001102,750,-9,-9,518
9999001103,550,3,2,518
9999001105,850,3,3,543
9999001109,1100,-9,-9,518
9999001110,1000,3,2,515
9999001113,750,3,2,515
9999001114,950,-9,-9,518
9999001116,1150,3,3,515
9999001117,950,-9,-9,518
9999001118,800,-9,-9,518
9999001122,1000,1,-8,522
9999001123,850,-9,-9,518
9999001124,1050,-9,-9,533
9999001125,1400,3,2,518
9999001130,800,1,-8,522
9999001131,1050,-9,-9,518
9999001132,700,-9,-9,518
9999001134,950,-9,-9,518
9999001136,1400,3,3,543
9999001137,650,3,2,515
9999001142,950,3,3,524
9999001148,800,-9,-9,518
9999001149,1000,-9,-9,518
9999001155,800,1,-8,522
9999001162,1400,3,2,515
9999001165,1500,-9,-9,518
9999001167,1500,3,3,533
9999001168,850,3,1,515
9999001169,1400,1,-8,522
9999001170,1300,3,3,533
9999001172,750,-9,-9,519
9999001173,650,1,-8,522
9999001174,1400,1,-8,522
9999001175,750,-9,-9,518
9999001177,1300,3,2,515
9999001178,700,3,3,543
9999001179,1500,-9,-9,518
9999001181,700,3,2,515
9999001182,1000,3,3,533
9999001183,950,3,2,515
9999001186,1400,3,2,515
9999001187,1300,3,2,515
9999001190,650,-9,-9,518
9999001191,1500,3,3,524
9999001194,700,3,2,515
9999001195,700,3,3,547
9999001198,650,3,3,524
9999001200,1400,1,-8,522
9999001202,750,-9,-9,518
9999001204,800,-9,-9,518
9999001208,1400,-9,-9,518
9999001210,1100,-9,-9,518
9999001212,1000,3,3,547
9999001217,750,3,2,518
9999001218,850,3,2,515
9999001221,900,-9,-9,518
9999001223,1400,-9,-9,516
9999001225,900,3,3,540
9999001226,950,-9,-9,517
9999001229,1400,-9,-9,518
9999001231,1500,3,3,524
9999001233,1000,3,3,524
9999001236,950,3,2,521
9999001241,900,-9,-9,518
9999001242,1400,-9,-9,518
9999001243,800,3,2,515
9999001245,850,-9,-9,518
9999001256,700,3,2,516
9999001257,1400,3,1,515
9999001262,1400,3,3,524
9999001263,900,-9,-9,518
9999001264,1500,3,3,524
9999001266,650,1,-8,522
9999001268,1400,-9,-9,518
9999001269,1400,1,-8,522
9999001271,1300,3,2,515
9999001272,1400,3,3,524
9999001274,600,3,2,515
9999001275,1400,-9,-9,518
9999001277,700,-9,-9,518
9999001280,1500,3,3,524
9999001288,900,1,-8,522
9999001289,950,-9,-9,516
9999001290,950,3,3,524
9999001291,1500,1,-8,522
9999001292,950,-9,-9,518
9999001297,1200,1,-8,522
9999001300,700,3,2,515
9999001305,1400,3,3,524
9999001306,1400,1,-8,522
9999001308,850,-9,-9,518
9999001309,700,3,2,515
9999001311,1400,-9,-9,519
9999001312,850,3,2,515
9999001313,950,3,2,515
9999001316,1200,-9,-9,513
9999001320,900,-9,-9,518
9999001321,800,3,3,533
9999001327,1050,3,3,524
9999001328,1050,-9,-9,533
9999001330,1300,3,1,524
9999001332,1400,-9,-9,518
9999001334,1500,1,-8,522
9999001337,900,3,2,518
9999001338,1400,3,2,515
9999001339,1400,3,2,515
9999001342,1400,1,-8,522
9999001343,1200,-9,-9,518
9999001344,1400,-9,-9,518
9999001347,950,3,3,524
9999001351,950,1,-8,522
9999001352,1400,3,2,515
9999001354,850,3,2,518
9999001356,950,-9,-9,518
9999001357,950,3,2,515
9999001360,1300,3,3,533
9999001364,950,-9,-9,518
9999001366,1150,3,3,533
9999001367,800,3,2,515
9999001368,850,-9,-9,518
9999001375,950,3,2,515
9999001380,900,1,-8,522
9999001384,950,3,3,540
9999001388,1400,-9,-9,547
9999001390,1400,-9,-9,518
9999001392,1400,-9,-9,518
9999001394,750,3,-9,515
9999001395,950,-9,-9,518
9999001399,1150,-9,-9,518
9999001400,800,3,2,518
9999001401,800,-9,-9,518
9999001402,1400,3,3,547
9999001404,950,3,3,524
9999001405,1100,-9,-9,518
9999001409,750,1,-8,522
9999001415,1400,-9,-9,513
9999001416,1400,3,2,515
9999001417,850,1,-8,522
9999001418,750,-9,-9,516
9999001420,800,-9,-9,518
9999001424,1300,3,2,515
9999001425,1400,3,3,524
9999001427,600,-9,-9,516
9999001431,1500,-9,-9,518
9999001433,800,-9,-9,518
9999001437,600,3,2,518
9999001442,850,-9,-9,518
9999001443,1400,-9,-9,518
9999001450,1000,3,3,543
9999001451,800,3,3,533
9999001452,1400,1,-8,522
9999001453,1500,3,3,524
9999001454,950,-9,-9,518
9999001455,750,3,2,515
9999001456,1400,-9,-9,518
9999001458,1400,-9,-9,518
9999001461,800,3,3,533
9999001463,850,1,-8,522
9999001464,1300,3,2,515
9999001465,700,3,2,515
9999001467,1400,-9,-9,518
9999001468,1200,-9,-9,518
9999001470,800,-9,-9,518
9999001471,1200,3,2,529
9999001472,850,3,2,515
9999001473,650,3,3,524
9999001476,750,3,3,543
9999001482,1400,-9,-9,518
9999001489,650,1,-8,522
9999001490,1400,-9,-9,518
9999001493,1150,-9,-9,518
9999001500,900,-9,-9,518
9999001501,850,3,2,515
9999001503,1400,-9,-9,518
9999001504,750,3,2,518
9999001509,800,1,-8,522
9999001510,1500,3,2,518
9999001511,850,3,2,521
9999001512,1500,3,3,543
9999001518,750,3,2,515
9999001519,800,-9,-9,518
9999001522,1200,-9,-9,516
9999001523,1200,-9,-9,519
9999001524,1000,-9,-9,518
9999001527,1400,-9,-9,529
9999001528,850,3,3,524
9999001529,700,3,3,524
9999001530,950,-9,-9,518
9999001532,1100,1,-8,522
9999001537,650,3,2,515
9999001539,1400,3,2,518
9999001540,1400,3,2,515
9999001542,800,-9,-9,518
9999001546,800,1,-8,522
9999001547,1300,3,3,533
9999001552,1400,3,3,533
9999001553,1400,3,3,524
9999001555,1150,1,-8,522
9999001559,1050,1,-8,522
9999001562,1300,-9,-9,518
9999001568,800,-9,-9,518
9999001569,1400,-9,-9,518
9999001570,1400,-9,-9,518
9999001574,1300,-9,-9,518
9999001575,1400,-9,-9,518
9999001583,850,3,2,515
9999001585,950,3,3,524
9999001587,900,-9,-9,518
9999001591,700,3,3,533
9999001596,850,-9,-9,518
9999001604,1400,3,3,524
9999001605,850,3,2,518
9999001606,1400,3,2,515
9999001612,1400,-9,-9,518
9999001613,1400,-9,-9,518
9999001617,750,-9,-9,518
9999001620,1500,3,3,524
9999001621,1400,3,3,524
9999001622,750,3,2,515
9999001625,800,-9,-9,518
9999001627,1400,-9,-9,518
9999001628,850,3,3,547
9999001631,850,3,2,518
9999001632,750,3,3,524
9999001633,700,1,-8,522
9999001634,1500,3,3,547
9999001635,1400,-9,-9,518
9999001636,1400,-9,-9,518
9999001644,800,-9,-9,518
9999001649,1500,-9,-9,518
9999001651,1400,-9,-9,516
9999001652,850,-9,-9,518
9999001654,900,-9,-9,518
9999001657,950,-9,-9,518
9999001663,950,3,-9,518
9999001664,900,-9,-9,518
9999001665,750,-9,-9,519
9999001667,1200,3,-9,515
9999001669,850,3,3,533
9999001673,750,3,3,533
9999001675,1100,1,-8,522
9999001676,1400,3,2,515
9999001679,1400,-9,-9,518
9999001680,1400,1,-8,522
9999001681,1400,-9,-9,518
9999001682,1400,1,-8,522
9999001684,800,-9,-9,518
9999001685,850,3,2,515
9999001687,750,3,2,515
9999001688,1000,-9,-9,518
9999001689,850,3,2,515
9999001691,750,3,2,515
9999001695,950,-9,-9,518
9999001696,850,-9,-9,518
9999001698,800,-9,-9,515
9999001700,1300,-9,-9,547
9999001701,950,3,-9,518
9999001702,950,-9,-9,517
9999001708,800,-9,-9,518
9999001710,1100,1,-8,522
9999001711,850,3,3,547
9999001714,1400,3,2,518
9999001715,1400,1,-8,522
9999001717,1200,-9,-9,518
9999001718,1100,1,-8,522
9999001723,1500,3,2,515
9999001724,1500,3,2,515
9999001729,750,1,-8,522
9999001731,850,-9,-9,519
9999001733,800,3,3,524
9999001737,950,-9,-9,518
9999001739,650,3,2,515
9999001741,850,-9,-9,518
9999001742,1300,3,2,518
9999001743,800,-9,-9,518
9999001744,950,3,3,524
9999001748,750,-9,-9,518
9999001751,950,3,2,515
9999001753,850,3,2,518
9999001754,800,-9,-9,518
9999001765,950,3,3,524
9999001766,850,3,2,518
9999001769,1150,-9,-9,519
9999001772,1400,3,2,515
9999001774,1300,3,3,547
9999001777,750,-9,-9,518
9999001778,700,1,-8,522
9999001779,750,3,2,515
9999001780,1150,-9,-9,518
9999001781,1150,-9,-9,518
9999001785,750,-9,-9,518
9999001787,900,3,3,524
9999001788,650,2,-8,541
9999001789,850,3,3,524
9999001792,1100,-9,-9,518
9999001793,950,-9,-9,518
9999001794,1000,3,2,515
9999001795,1300,-9,-9,518
9999001800,1300,-9,-9,518
9999001801,1150,-9,-9,518
9999001807,900,3,2,515
9999001808,850,-9,-9,518
9999001810,1500,3,2,515
9999001814,1400,-9,-9,518
9999001815,650,3,2,515
9999001818,650,1,-8,522
9999001821,1100,-9,-9,518
9999001824,1100,3,2,515
9999001825,950,3,3,524
9999001832,950,-9,-9,517
9999001834,1400,-9,-9,518
9999001835,750,-9,-9,518
9999001836,1400,-9,-9,521
9999001837,850,3,3,533
9999001842,1400,1,-8,522
9999001848,950,3,3,524
9999001851,700,3,3,543
9999001858,1400,3,2,518
9999001859,1500,3,3,524
9999001861,1500,3,2,515
9999001862,750,-9,-9,521
9999001864,850,-9,-9,524
9999001865,900,-9,-9,518
9999001866,900,-9,-9,518
9999001869,750,-9,-9,533
9999001870,1400,-9,-9,518
9999001873,800,3,2,515
9999001874,1400,-9,-9,518
9999001876,750,3,2,515
9999001877,800,-9,-9,518
9999001878,1000,-9,-9,518
9999001879,1400,3,3,533
9999001881,1500,3,3,533
9999001888,750,-9,-9,516
9999001889,800,1,-8,522
9999001890,800,3,2,515
9999001896,750,-9,-9,518
9999001897,900,-9,-9,518
9999001899,850,-9,-9,516
9999001912,800,3,3,524
9999001914,900,1,-8,522
9999001915,850,3,2,515
9999001919,750,-9,-9,518
9999001920,700,-9,-9,518
9999001924,1300,3,2,515
9999001930,900,-9,-9,518
9999001931,1400,-9,-9,518
9999001932,950,3,2,518
9999001933,900,3,2,515
9999001937,750,3,3,533
9999001938,1200,3,3,529
9999001940,850,-9,-9,518
9999001941,800,3,2,515
9999001943,800,-9,-9,518
9999001944,1400,3,2,515
9999001948,1400,-9,-9,516
9999001949,950,-9,-9,518
9999001951,800,3,2,521
9999001952,800,3,2,515
9999001953,1200,3,3,524
9999001955,650,3,2,518
9999001957,1400,-9,-9,518
9999001958,1500,3,3,524
9999001959,1500,-9,-9,516
9999001962,1400,3,3,524
9999001963,1400,1,-8,522
9999001965,1400,-9,-9,518
9999001970,1400,-9,-9,518
9999001972,1150,3,2,515
9999001975,1400,-9,-9,518
9999001977,1400,-9,-9,518
9999001978,1000,-9,-9,516
9999001980,950,-9,-9,518
9999001983,1400,3,2,515
9999001989,1400,3,3,524
9999001994,1400,-9,-9,518
9999001997,800,-9,-9,518
9999001999,1400,3,2,515
9999002001,1400,3,3,533
9999002003,750,-9,-9,518
9999002004,1400,-9,-9,518
9999002007,1400,3,3,524
9999002011,1150,-9,-9,518
9999002012,1400,1,-8,522
9999002014,1200,-9,-9,519
9999002017,750,-9,-9,518
9999002021,650,3,3,533
9999002023,900,-9,-9,518
9999002024,900,3,3,524
9999002026,700,-9,-9,518
9999002028,850,3,2,515
9999002029,750,3,2,515
9999002030,1400,-9,-9,518
9999002031,1150,-9,-9,518
9999002032,750,-9,-9,546
9999002034,750,-9,-9,518
9999002039,700,3,2,518
9999002042,1400,3,2,515
9999002043,950,1,-8,522
9999002045,950,-9,-9,518
9999002047,950,-9,-9,518
9999002048,1400,1,-8,522
9999002049,950,-9,-9,533
9999002055,800,-9,-9,518
9999002061,1400,-9,-9,518
9999002064,1400,-9,-9,518
9999002065,1500,-9,-9,516
9999002068,750,3,3,524
9999002078,1400,1,-8,522
9999002079,850,-9,-9,518
9999002080,850,3,3,524
9999002086,1500,-9,-9,518
9999002088,1400,1,-8,522
9999002089,950,-9,-9,516
9999002091,1400,1,-8,522
9999002094,900,3,2,515
9999002097,1500,-9,-9,518
9999002099,750,3,2,515
9999002100,750,3,-9,518
9999002101,1400,3,2,518
9999002102,750,-9,-9,518
9999002103,1400,-9,-9,518
9999002105,1100,-9,-9,518
9999002112,850,3,2,515
9999002115,950,-9,-9,516
9999002116,1400,-9,-9,518
9999002117,900,-9,-9,518
9999002118,850,3,2,515
9999002122,1200,3,3,547
9999002123,1200,3,2,515
9999002124,1200,-9,-9,515
9999002126,700,-9,-9,518
9999002127,900,1,-8,522
9999002128,1200,-9,-9,524
9999002131,1400,1,-8,522
9999002135,1400,-9,-9,518
9999002137,1400,-9,-9,518
9999002138,1500,1,-8,522
9999002139,850,3,2,515
9999002140,1400,2,-8,541
9999002143,900,3,3,533
9999002144,1400,-9,-9,518
9999002148,900,-9,-9,518
9999002150,1400,3,3,547
9999002151,800,-9,-9,533
9999002155,650,-9,-9,518
9999002157,1400,-9,-9,518
9999002158,800,-9,-9,518
9999002160,750,3,3,524
9999002162,1200,-9,-9,518
9999002163,900,-9,-9,518
9999002169,950,-9,-9,518
9999002170,800,-9,-9,516
9999002172,1400,-9,-9,518
9999002175,1400,-9,-9,518
9999002176,1400,3,2,518
9999002178,1100,3,1,515
9999002180,550,3,2,515
9999002183,1500,3,3,533
9999002184,1400,1,-8,522
9999002187,900,-9,-9,518
9999002188,1200,3,3,524
9999002191,750,-9,-9,518
9999002193,800,3,2,518
9999002194,850,3,3,543
9999002195,850,3,3,529
9999002200,1400,1,-8,522
9999002201,950,3,3,524
9999002202,1400,-9,-9,518
9999002204,900,-9,-9,518
9999002205,950,3,2,515
9999002208,650,-9,-9,518
9999002210,1300,-9,-9,518
9999002211,650,-9,-9,518
9999002213,700,3,2,515
9999002215,750,-9,-9,518
9999002217,1100,-9,-9,518
9999002218,900,3,2,515
9999002220,1300,-9,-9,518
9999002221,1400,3,3,524
9999002223,700,3,3,518
9999002228,950,-9,-9,518
9999002232,750,-9,-9,516
9999002235,1500,-9,-9,543
9999002236,1400,3,2,515
9999002239,700,-9,-9,518
9999002241,750,3,2,518
9999002246,700,3,-9,518
9999002247,650,-9,-9,518
9999002248,750,3,2,518
9999002250,1400,-9,-9,518
9999002251,1400,3,3,524
9999002252,1400,-9,-9,516
9999002253,700,-9,-9,518
9999002256,900,-9,-9,518
9999002257,950,3,3,533
9999002258,1150,-9,-9,518
9999002259,900,-9,-9,524
9999002261,1200,-9,-9,518
9999002266,1400,-9,-9,518
9999002267,1400,3,2,518
9999002269,1400,3,3,524
9999002270,950,-9,-9,516
9999002271,1400,1,-8,522
9999002273,1400,3,1,515
9999002275,1000,-9,-9,519
9999002276,900,-9,-9,518
9999002279,950,-9,-9,518
9999002282,1400,3,2,515
9999002283,800,-9,-9,518
9999002284,1400,3,3,524
9999002286,1050,1,-8,522
9999002289,850,-9,-9,519
9999002291,850,3,3,524
9999002294,950,1,-8,522
9999002295,1400,-9,-9,518
9999002297,1400,-9,-9,518
9999002298,1400,-9,-9,518
9999002300,1400,-9,-9,518
9999002301,1400,3,2,518
9999002303,900,3,1,516
9999002313,1300,3,2,515
9999002316,1500,1,-8,522
9999002319,750,3,2,515
9999002326,800,-9,-9,518
9999002327,1400,3,2,515
9999002328,600,-9,-9,518
9999002329,950,3,2,515
9999002332,1400,-9,-9,518
9999002334,850,-9,-9,533
9999002335,1400,3,2,515
9999002336,950,-9,-9,518
9999002338,700,3,1,515
9999002340,950,3,2,521
9999002342,1000,3,2,515
9999002343,800,-9,-9,518
9999002348,1400,1,-8,522
9999002349,650,3,3,524
9999002355,1400,3,2,515
9999002359,900,-9,-9,518
9999002360,800,-9,-9,518
9999002364,1150,-9,-9,518
9999002367,1150,-9,-9,518
9999002369,1100,-9,-9,518
9999002371,1150,1,-8,522
9999002372,1100,1,-8,522
9999002373,950,3,3,518
9999002374,900,3,2,515
9999002378,950,3,2,515
9999002379,1400,3,2,515
9999002383,1100,3,3,524
9999002386,900,-9,-9,521
9999002387,1400,-9,-9,518
9999002390,750,3,2,515
9999002391,1400,3,3,533
9999002394,950,3,3,524
9999002396,900,-9,-9,518
9999002400,1400,-9,-9,518
9999002402,850,-9,-9,516
9999002404,1400,3,2,515
9999002408,1200,3,2,515
9999002410,900,-9,-9,518
9999002413,1500,-9,-9,518
9999002414,1400,3,2,515
9999002418,850,3,3,524
9999002420,1400,3,2,515
9999002422,1400,-9,-9,529
9999002425,800,3,3,543
9999002426,800,1,-8,522
9999002427,800,3,2,515
9999002428,1400,1,-8,522
9999002429,800,-9,-9,518
9999002430,950,3,2,515
9999002431,950,-9,-9,518
9999002432,1300,-9,-9,518
9999002433,850,3,2,518
9999002435,1400,3,-9,515
9999002437,650,3,2,515
9999002438,700,3,3,524
9999002439,650,1,-8,522
9999002442,1400,-9,-9,518
9999002444,1400,-9,-9,518
9999002447,700,3,2,515
9999002449,1400,3,3,524
9999002450,750,-9,-9,516
9999002454,700,3,2,515
9999002461,1150,3,3,524
9999002462,1400,-9,-9,518
9999002463,1400,3,3,524
9999002464,1400,-9,-9,518
9999002466,950,3,3,524
9999002468,850,-9,-9,518
9999002469,1000,-9,-9,518
9999002473,900,-9,-9,518
9999002474,800,1,-8,522
9999002475,950,3,2,515
9999002476,900,3,2,515
9999002477,1400,3,2,518
9999002480,1300,1,-8,522
9999002481,1000,3,2,515
9999002484,1400,3,2,518
9999002485,850,-9,-9,518
9999002489,1500,3,3,524
9999002492,900,3,2,515
9999002493,1400,-9,-9,533
9999002494,1400,-9,-9,518
9999002499,1400,1,-8,522
9999002502,1400,3,2,518
9999002503,650,1,-8,522
9999002507,1400,1,-8,522
9999002508,1400,1,-8,522
9999002510,1200,-9,-9,518
9999002511,900,-9,-9,518
9999002513,1400,-9,-9,518
9999002515,1400,3,2,518
9999002517,650,-9,-9,518
9999002518,1400,-9,-9,518
9999002520,700,3,2,515
9999002523,1400,3,2,515
9999002524,950,3,3,524
9999002525,1400,3,3,543
9999002529,1400,1,-8,522
9999002530,700,3,2,515
9999002534,1400,-9,-9,518
9999002540,1400,-9,-9,518
9999002541,1400,1,-8,522
9999002543,1000,-9,-9,518
9999002545,650,-9,-9,519
9999002546,1200,-9,-9,518
9999002549,850,-9,-9,518
9999002550,1400,1,-8,522
9999002551,850,3,3,524
9999002556,1150,-9,-9,518
9999002557,1400,-9,-9,518
9999002558,850,-9,-9,547
9999002560,1150,3,3,524
9999002561,850,3,3,524
9999002563,800,3,2,515
9999002566,1400,3,2,515
9999002567,700,3,2,519
9999002569,1500,1,-8,522
9999002573,750,3,3,533
9999002574,1150,3,3,524
9999002575,1400,3,3,540
9999002579,1400,3,2,518
9999002581,1400,3,2,515
9999002582,800,-9,-9,518
9999002584,700,1,-8,522
9999002585,1100,-9,-9,518
9999002591,1500,3,3,518
9999002603,1500,-9,-9,518
9999002604,1150,3,3,524
9999002605,1400,-9,-9,518
9999002606,950,-9,-9,518
9999002608,1050,1,-8,522
9999002609,1400,3,2,515
9999002610,700,-9,-9,519
9999002611,1400,-9,-9,516
9999002612,1400,1,-8,522
9999002613,1400,-9,-9,518
9999002614,1400,-9,-9,518
9999002615,1500,-9,-9,518
9999002616,800,-9,-9,518
9999002621,1400,-9,-9,518
9999002626,800,-9,-9,524
9999002628,1500,3,2,515
9999002629,1400,3,2,518
9999002630,1300,3,3,547
9999002631,1500,3,3,533
9999002637,600,3,3,524
9999002640,1200,-9,-9,518
9999002642,1400,-9,-9,518
9999002643,1150,3,2,515
9999002645,1400,3,2,515
9999002647,750,2,-8,541
9999002648,950,-9,-9,518
9999002651,1100,3,3,524
9999002658,1300,-9,-9,518
9999002661,950,-9,-9,518
9999002662,1400,3,3,547
9999002663,1400,1,-8,522
9999002664,1400,1,-8,522
9999002665,1400,-9,-9,518
9999002667,1100,3,2,515
9999002676,950,1,-8,522
9999002678,1500,1,-8,522
9999002680,1400,-9,-9,518
9999002683,900,-9,-9,518
9999002684,1400,3,2,518
9999002686,1100,-9,-9,518
9999002687,650,3,3,524
9999002688,1150,3,2,515
9999002690,850,-9,-9,518
9999002691,1400,1,-8,522
9999002692,1400,3,2,518
9999002693,1400,3,3,524
9999002696,1200,3,3,524
9999002697,1400,-9,-9,518
9999002698,1400,3,2,515
9999002705,1150,1,-8,522
9999002707,750,3,2,547
9999002709,1400,-9,-9,518
9999002710,1400,3,2,515
9999002711,700,-9,-9,516
9999002717,1400,3,3,524
9999002718,750,3,2,515
9999002722,1500,3,2,515
9999002724,850,3,2,517
9999002725,950,-9,-9,516
9999002727,1400,1,-8,522
9999002730,800,-9,-9,518
9999002731,1150,-9,-9,517
9999002732,1400,-9,-9,518
9999002736,900,-9,-9,518
9999002738,900,3,2,515
9999002739,700,3,2,515
9999002744,1100,-9,-9,518
9999002746,1400,-9,-9,518
9999002748,750,3,1,518
9999002750,1400,3,3,524
9999002752,750,3,2,515
9999002757,750,-9,-9,518
9999002760,1150,-9,-9,518
9999002761,1500,-9,-9,518
9999002768,1500,3,-9,516
9999002769,1400,3,2,515
9999002771,1400,-9,-9,518
9999002772,1400,1,-8,522
9999002773,1400,3,3,524
9999002776,1400,-9,-9,518
9999002777,1400,-9,-9,518
9999002778,850,3,2,515
9999002779,850,-9,-9,518
9999002786,1400,-9,-9,518
9999002787,1400,3,3,519
9999002789,950,-9,-9,518
9999002791,1150,3,3,524
9999002792,900,3,2,515
9999002795,1400,-9,-9,518
9999002796,650,3,2,518
9999002798,750,3,2,515
9999002800,1500,-9,-9,518
9999002801,1400,-9,-9,518
9999002803,1400,3,2,515
9999002807,1400,3,3,543
9999002808,1400,-9,-9,516
9999002810,600,3,1,515
9999002813,1400,-9,-9,518
9999002814,1400,-9,-9,518
9999002817,1150,3,3,524
9999002821,1400,-9,-9,518
9999002822,950,-9,-9,518
9999002826,850,1,-8,522
9999002829,1400,-9,-9,518
9999002830,600,3,3,524
9999002831,850,-9,-9,518
9999002832,650,-9,-9,518
9999002835,1400,-9,-9,518
9999002836,1300,3,3,533
9999002838,900,-9,-9,518
9999002847,950,-9,-9,518
9999002851,950,-9,-9,518
9999002857,1150,3,3,533
9999002859,700,2,-8,541
9999002861,1400,3,2,515
9999002862,950,3,3,524
9999002865,1150,3,3,540
9999002866,1100,-9,-9,518
9999002868,1500,3,1,515
9999002869,1100,-9,-9,518
9999002870,850,-9,-9,516
9999002875,1100,1,-8,522
9999002882,1400,3,-9,518
9999002883,900,3,2,515
9999002886,1400,-9,-9,516
9999002888,800,-9,-9,518
9999002890,950,-9,-9,518
9999002892,1500,-9,-9,518
9999002894,1500,3,2,515
9999002896,1400,-9,-9,518
9999002897,1400,-9,-9,518
9999002901,850,3,2,515
9999002902,950,3,2,515
9999002903,850,-9,-9,519
9999002904,1150,3,3,524
9999002907,900,-9,-9,524
9999002909,1400,3,2,518
9999002910,950,-9,-9,518
9999002911,1100,1,-8,522
9999002913,1500,-9,-9,518
9999002917,900,-9,-9,524
9999002918,950,-9,-9,518
9999002919,950,-9,-9,518
9999002921,950,-9,-9,518
9999002926,900,-9,-9,518
9999002927,1300,-9,-9,518
9999002931,850,3,2,515
9999002937,1300,-9,-9,518
9999002939,1400,3,2,518
9999002941,1150,-9,-9,518
9999002942,1500,3,2,515
9999002945,1400,3,2,515
9999002946,1400,-9,-9,518
9999002948,1000,3,2,515
9999002951,900,1,-8,522
9999002954,1200,3,3,524
9999002955,950,-9,-9,518
9999002957,750,3,3,540
9999002963,600,-9,-9,519
9999002964,1200,-9,-9,518
9999002968,1050,-9,-9,513
9999002971,850,3,3,524
9999002973,1500,3,3,547
9999002975,1400,3,3,524
9999002977,1150,-9,-9,518
9999002978,1000,-9,-9,518
9999002980,1500,3,2,515
9999002982,1150,3,2,515
9999002983,850,3,2,515
9999002988,1400,-9,-9,518
9999002989,800,3,3,533
9999002990,850,3,2,515
9999002991,1400,3,3,524
9999002994,1500,3,2,515
9999002995,850,3,3,533
9999002996,1500,3,2,518
9999002997,850,-9,-9,518
9999003000,1400,-9,-9,516
9999003001,950,3,2,515
9999003002,1400,-9,-9,518
9999003005,850,1,-8,522
9999003008,1100,3,3,547
9999003009,650,-9,-9,533
9999003012,850,-9,-9,519
9999003013,850,-9,-9,519
9999003014,1400,3,2,518
9999003017,1100,3,3,524
9999003018,1400,-9,-9,518
9999003020,750,1,-8,522
9999003021,700,-9,-9,516
9999003024,1400,3,2,518
9999003027,1100,3,3,533
9999003033,850,-9,-9,518
9999003037,1400,3,3,547
9999003039,850,3,3,524
9999003040,900,3,2,515
9999003041,1400,1,-8,522
9999003043,850,-9,-9,518
9999003044,1400,-9,-9,518
9999003045,1500,3,2,515
9999003046,700,-9,-9,517
9999003051,1400,3,2,515
9999003053,950,3,2,515
9999003055,850,-9,-9,515
9999003062,1150,3,3,524
9999003063,850,-9,-9,516
9999003064,950,-9,-9,518
9999003066,1400,3,1,515
9999003067,1500,3,2,515
9999003070,1300,3,3,524
9999003072,800,3,3,524
9999003073,800,3,2,515
9999003079,950,3,3,533
9999003081,1400,3,2,518
9999003084,1400,3,2,515
9999003086,1400,3,3,524
9999003088,1400,3,3,524
9999003090,1100,1,-8,522
9999003092,850,-9,-9,519
9999003097,1400,-9,-9,518
9999003100,950,3,3,524
9999003102,650,3,2,518
9999003106,1150,3,2,515
9999003110,950,-9,-9,519
9999003111,1400,-9,-9,518
9999003118,900,-9,-9,518
9999003119,1150,-9,-9,516
9999003123,1150,-9,-9,518
9999003128,950,-9,-9,518
9999003133,800,3,3,543
9999003141,1000,3,3,524
9999003142,1400,-9,-9,518
9999003144,1150,3,3,524
9999003145,1150,-9,-9,516
9999003146,1400,-9,-9,518
9999003153,950,-9,-9,547
9999003155,1500,3,2,515
9999003156,950,-9,-9,518
9999003157,1400,3,2,515
9999003158,1400,-9,-9,524
9999003159,850,3,2,515
9999003164,950,3,1,515
9999003165,1500,3,1,515
9999003168,1150,-9,-9,516
9999003170,1500,-9,-9,521
9999003173,950,-9,-9,518
9999003174,800,-9,-9,518
9999003175,700,-9,-9,540
9999003179,600,3,3,533
9999003180,1400,-9,-9,518
9999003181,1400,-9,-9,518
9999003182,750,1,-8,522
9999003183,950,3,3,524
9999003184,850,-9,-9,516
9999003185,1400,3,3,533
9999003188,1500,-9,-9,518
9999003189,650,-9,-9,518
9999003190,1400,1,-8,522
9999003191,1400,-9,-9,518
9999003192,1400,-9,-9,518
9999003196,1400,-9,-9,518
9999003199,1500,-9,-9,518
9999003203,950,-9,-9,518
9999003204,1050,-9,-9,518
9999003205,1100,-9,-9,518
9999003206,1400,-9,-9,517
9999003209,850,-9,-9,518
9999003210,700,3,3,533
9999003211,950,-9,-9,518
9999003212,950,-9,-9,518
9999003213,900,3,2,515
9999003215,900,3,2,515
9999003216,950,-9,-9,516
9999003217,1050,-9,-9,518
9999003219,750,3,2,518
9999003220,950,-9,-9,516
9999003224,1050,3,1,524
9999003227,850,3,3,524
9999003229,1100,3,2,515
9999003232,1300,-9,-9,518
9999003234,1500,3,2,515
9999003237,850,-9,-9,533
9999003240,950,3,3,524
9999003241,1500,3,2,515
9999003242,850,3,1,515
9999003243,850,1,-8,522
9999003247,850,3,2,515
9999003250,1400,-9,-9,518
9999003251,1400,-9,-9,518
9999003252,1100,-9,-9,518
9999003258,1400,3,2,515
9999003259,1300,-9,-9,518
9999003260,1100,3,2,515
9999003261,700,-9,-9,518
9999003263,1400,3,2,515
9999003265,1400,-9,-9,518
9999003269,1400,3,2,518
9999003271,1400,-9,-9,518
9999003272,1400,-9,-9,518
9999003274,1500,3,3,524
9999003275,1400,-9,-9,518
9999003276,1400,3,3,547
9999003279,1100,3,2,515
9999003283,1100,-9,-9,518
9999003286,550,-9,-9,518
9999003287,1200,3,2,515
9999003290,950,3,3,529
9999003294,650,-9,-9,518
9999003295,900,-9,-9,518
9999003298,1050,3,3,524
9999003303,1050,-9,-9,518
9999003304,950,-9,-9,518
9999003305,1400,-9,-9,517
9999003311,1300,3,3,524
9999003312,1100,3,3,533
9999003315,1000,3,1,518
9999003317,1200,-9,-9,518
9999003318,1400,-9,-9,518
9999003323,1150,3,-9,515
9999003324,1400,-9,-9,518
9999003326,1050,3,2,515
9999003327,1400,3,2,515
9999003329,1400,-9,-9,518
9999003331,1400,-9,-9,518
9999003333,1400,3,3,524
9999003334,650,-9,-9,518
9999003335,1400,-9,-9,518
9999003336,1400,-9,-9,518
9999003337,1400,-9,-9,518
9999003338,1400,-9,-9,518
9999003339,600,3,2,515
9999003341,950,-9,-9,518
9999003342,1100,3,3,533
9999003343,850,-9,-9,518
9999003344,1400,-9,-9,518
9999003345,850,-9,-9,518
9999003347,1500,-9,-9,518
9999003349,1400,-9,-9,518
9999003351,850,-9,-9,515
9999003352,1400,3,-9,515
9999003353,1400,-9,-9,518
9999003358,1400,1,-8,522
9999003359,650,3,3,547
9999003365,1200,3,2,515
9999003366,850,3,3,543
9999003370,950,3,2,515
9999003371,950,-9,-9,518
9999003373,1400,-9,-9,518
9999003375,1400,-9,-9,518
9999003376,1400,-9,-9,516
9999003378,950,-9,-9,518
9999003379,1400,1,-8,522
9999003385,700,-9,-9,547
9999003386,1500,3,2,515
9999003387,1400,3,1,515
9999003389,1400,-9,-9,518
9999003392,1400,-9,-9,518
9999003394,950,3,3,533
9999003395,750,-9,-9,518
9999003396,750,3,2,518
9999003397,1400,3,2,515
9999003399,850,3,3,524
9999003401,1400,-9,-9,518
9999003403,1400,-9,-9,518
9999003405,1400,-9,-9,518
9999003407,1000,3,3,524
9999003408,1300,3,2,515
9999003413,950,-9,-9,518
9999003415,1300,3,2,515
9999003416,950,-9,-9,518
9999003417,950,3,3,524
9999003421,750,-9,-9,518
9999003423,850,3,2,521
9999003424,1400,-9,-9,518
9999003426,1400,-9,-9,518
9999003428,1500,-9,-9,518
9999003429,1500,-9,-9,518
9999003434,1400,3,3,524
9999003436,1400,-9,-9,518
9999003437,1400,3,2,515
9999003439,1400,-9,-9,521
9999003440,1400,3,2,515
9999003442,1400,-9,-9,518
9999003444,1400,3,3,524
9999003445,1400,3,3,524
9999003448,1400,-9,-9,518
9999003449,1400,-9,-9,518
9999003450,1400,-9,-9,518
9999003453,1400,1,-8,522
9999003455,1500,3,2,515
9999003456,1400,3,3,547
9999003459,1400,1,-8,522
9999003460,1400,-9,-9,518
9999003461,1500,3,2,515
9999003463,1400,-9,-9,518
9999003465,1400,-9,-9,518
9999003466,1400,3,3,524
9999003467,1400,-9,-9,516
9999003469,800,3,2,515
9999003472,1400,1,-8,522
9999003476,1500,3,2,521
9999003477,1400,-9,-9,518
9999003479,900,3,2,518
9999003481,1400,3,2,515
9999003486,1150,-9,-9,518
9999003488,850,-9,-9,518
9999003490,900,1,-8,522
9999003491,500,-9,-9,547
9999003492,1400,-9,-9,518
9999003494,900,3,2,515
9999003497,1400,3,3,524
9999003498,1400,1,-8,522
9999003500,1100,1,-8,522
9999003503,1200,1,-8,522
9999003504,900,3,3,547
9999003507,750,3,2,515
9999003509,1400,-9,-9,518
9999003510,1400,3,3,543
9999003513,1050,-9,-9,518
9999003515,1400,-9,-9,518
9999003518,650,3,2,515
9999003519,1400,-9,-9,518
9999003520,650,-9,-9,518
9999003521,1300,-9,-9,518
9999003522,1400,-9,-9,518
9999003523,1100,3,1,547
9999003524,800,3,1,515
9999003529,950,-9,-9,518
9999003530,850,-9,-9,516
9999003533,1050,-9,-9,518
9999003538,800,-9,-9,518
9999003541,1150,1,-8,522
9999003543,1150,3,2,515
9999003545,1150,-9,-9,518
9999003547,1150,3,2,515
9999003549,750,1,-8,522
9999003551,800,1,-8,522
9999003557,1400,-9,-9,518
9999003559,1400,3,3,547
9999003560,1400,-9,-9,518
9999003562,550,-9,-9,518
9999003563,1000,3,3,533
9999003566,600,1,-8,522
9999003567,950,3,2,515
9999003569,1200,3,3,524
9999003573,850,-9,-9,518
9999003574,1050,3,2,515
9999003576,1000,3,2,515
9999003577,1100,2,-8,541
9999003578,1400,-9,-9,518
9999003579,1400,-9,-9,518
9999003584,1200,3,3,524
9999003587,800,3,3,524
9999003588,1400,-9,-9,518
9999003589,1400,-9,-9,518
9999003591,1400,3,2,515
9999003595,950,3,2,515
9999003599,1150,-9,-9,518
9999003600,1400,-9,-9,518
9999003601,750,3,2,515
9999003602,1400,-9,-9,518
9999003605,850,-9,-9,518
9999003606,900,3,3,524
9999003607,1200,3,1,515
9999003611,1100,-9,-9,518
9999003612,1400,3,3,524
9999003614,700,1,-8,522
9999003616,900,1,-8,522
9999003617,650,1,-8,522
9999003619,850,-9,-9,518
9999003622,1400,1,-8,522
9999003623,1400,1,-8,522
9999003624,1050,3,2,518
9999003625,650,3,2,515
9999003626,1400,3,2,515
9999003627,800,3,3,524
9999003629,1400,-9,-9,518
9999003630,1200,-9,-9,518
9999003633,1150,3,3,547
9999003637,1400,-9,-9,518
9999003641,650,-9,-9,518
9999003643,950,3,3,543
9999003645,900,-9,-9,518
9999003648,1150,3,2,515
9999003652,850,-9,-9,517
9999003653,600,-9,-9,518
9999003655,1400,-9,-9,516
9999003656,800,-9,-9,518
9999003660,700,-9,-9,518
9999003664,1400,-9,-9,547
9999003665,950,3,2,515
9999003666,1400,3,3,524
9999003667,950,3,2,521
9999003668,1400,-9,-9,518
9999003671,800,3,3,524
9999003672,1400,3,2,518
9999003673,1400,-9,-9,516
9999003674,1400,-9,-9,518
9999003675,850,-9,-9,518
9999003678,1050,3,2,515
9999003679,1400,1,-8,522
9999003683,1050,3,2,515
9999003684,1000,-9,-9,516
9999003685,750,-9,-9,518
9999003687,950,-9,-9,518
9999003690,1100,-9,-9,518
9999003692,800,3,3,524
9999003695,1400,3,2,521
9999003696,750,-9,-9,519
9999003700,900,1,-8,522
9999003701,1400,3,2,521
9999003702,1400,-9,-9,518
9999003705,700,1,-8,522
9999003706,850,3,2,515
9999003708,1400,-9,-9,516
9999003709,1400,3,3,524
9999003711,1400,-9,-9,518
9999003716,700,-9,-9,516
9999003717,1200,3,2,515
9999003718,1400,3,3,524
9999003721,1400,3,3,524
9999003724,1100,-9,-9,518
9999003727,1400,-9,-9,518
9999003731,1400,-9,-9,518
9999003732,1400,-9,-9,518
9999003737,1400,-9,-9,516
9999003738,850,3,2,515
9999003739,1150,3,1,515
9999003740,1500,-9,-9,518
9999003741,1500,-9,-9,518
9999003744,850,3,3,524
9999003748,1150,-9,-9,518
9999003751,1400,-9,-9,518
9999003752,1400,-9,-9,518
9999003754,1400,-9,-9,518
9999003756,1400,-9,-9,518
9999003757,950,2,-8,541
9999003758,850,1,-8,522
9999003760,1400,3,2,515
9999003763,850,3,2,515
9999003766,1400,-9,-9,518
9999003767,1150,3,2,515
9999003769,1400,1,-8,522
9999003771,1500,3,2,515
9999003772,1400,3,3,524
9999003773,1500,-9,-9,518
9999003778,1100,1,-8,522
9999003780,1150,-9,-9,516
9999003781,750,-9,-9,518
9999003789,900,-9,-9,518
9999003790,1300,-9,-9,518
9999003791,800,1,-8,522
9999003794,800,-9,-9,518
9999003798,1400,-9,-9,518
9999003799,800,-9,-9,518
9999003801,750,3,1,524
9999003802,1300,-9,-9,518
9999003803,950,-9,-9,518
9999003805,950,-9,-9,518
9999003806,900,3,2,515
9999003808,1500,-9,-9,518
9999003809,900,3,3,524
9999003813,800,3,3,524
9999003816,800,3,3,524
9999003818,550,-9,-9,516
9999003822,1100,-9,-9,518
9999003826,850,-9,-9,519
9999003827,1400,-9,-9,518
9999003830,1400,-9,-9,518
9999003833,850,1,-8,522
9999003834,1400,-9,-9,518
9999003837,1400,3,3,524
9999003840,1400,3,3,524
9999003844,1400,-9,-9,518
9999003845,1150,3,2,515
9999003846,600,1,-8,522
9999003849,1400,1,-8,522
9999003853,1400,-9,-9,518
9999003858,800,3,3,524
9999003861,950,-9,-9,518
9999003862,950,-9,-9,516
9999003863,1500,3,2,515
9999003864,750,3,2,515
9999003869,1400,1,-8,522
9999003870,850,-9,-9,519
9999003872,1400,3,3,524
9999003873,1400,1,-8,522
9999003875,950,3,2,515
9999003876,950,-9,-9,521
9999003877,1400,-9,-9,518
9999003879,950,-9,-9,516
9999003884,950,3,2,515
9999003885,1500,3,3,547
9999003890,1500,3,3,529
9999003893,1400,-9,-9,518
9999003894,1500,3,2,515
9999003895,650,3,3,524
9999003899,1150,1,-8,522
9999003900,1400,-9,-9,518
9999003902,1500,-9,-9,518
9999003903,950,-9,-9,518
9999003904,1300,3,2,515
9999003906,750,1,-8,522
9999003907,1500,1,-8,522
9999003909,850,3,2,515
9999003912,1150,3,3,524
9999003913,1400,-9,-9,516
9999003914,1400,-9,-9,518
9999003917,1400,-9,-9,533
9999003921,800,3,3,524
9999003923,1300,-9,-9,518
9999003926,700,3,2,515
9999003928,1100,-9,-9,518
9999003930,950,-9,-9,518
9999003935,600,1,-8,522
9999003939,850,3,3,533
9999003940,1500,-9,-9,518
9999003942,1100,-9,-9,516
9999003943,750,-9,-9,518
9999003945,950,3,3,524
9999003951,600,-9,-9,518
9999003953,1300,-9,-9,518
9999003962,1300,1,-8,522
9999003963,800,3,3,524
9999003964,700,-9,-9,518
9999003967,950,-9,-9,521
9999003968,950,-9,-9,521
9999003969,950,3,2,518
9999003972,1400,3,3,524
9999003973,1400,3,2,518
9999003974,1300,3,2,515
9999003978,850,1,-8,522
9999003981,1100,-9,-9,518
9999003983,950,-9,-9,518
9999003984,1100,-9,-9,518
9999003987,1150,3,3,524
9999003988,1300,3,3,529
9999003989,1100,1,-8,522
9999003994,1000,1,-8,522
9999003995,1500,-9,-9,518
9999003997,1500,3,2,515
9999004000,1100,-9,-9,518
9999004003,950,-9,-9,518
9999004006,850,-9,-9,518
9999004008,850,-9,-9,516
9999004009,700,1,-8,522
9999004010,850,-9,-9,518
9999004012,800,-9,-9,518
9999004017,1150,3,2,515
9999004018,1000,-9,-9,518
9999004028,950,3,2,515
9999004033,950,-9,-9,518
9999004034,750,3,2,515
9999004035,950,-9,-9,517
9999004037,1400,-9,-9,518
9999004038,850,3,3,547
9999004041,800,1,-8,522
9999004043,800,-9,-9,518
9999004044,1400,3,2,515
9999004047,1500,-9,-9,517
9999004050,800,-9,-9,521
9999004053,1500,-9,-9,518
9999004061,1300,1,-8,522
9999004062,700,-9,-9,518
9999004065,700,-9,-9,518
9999004066,950,3,2,515
9999004068,1100,3,3,533
9999004069,600,3,3,547
9999004072,850,-9,-9,518
9999004075,850,-9,-9,518
9999004083,850,-9,-9,518
9999004085,700,-9,-9,518
9999004088,1400,-9,-9,518
9999004092,850,3,3,524
9999004093,700,3,3,543
9999004099,900,-9,-9,518
9999004100,800,-9,-9,518
9999004108,1300,-9,-9,518
9999004111,1300,3,3,533
9999004112,750,-9,-9,518
9999004113,950,3,2,515
9999004114,750,-9,-9,518
9999004115,750,-9,-9,518
9999004116,1400,3,3,533
9999004119,1400,3,2,546
9999004121,1100,-9,-9,518
9999004122,1300,1,-8,522
9999004126,950,3,2,515
9999004129,950,3,2,515
